[
  {
    "id": "001",
    "name": "Knecht",
    "category": "Attack",
    "sound": "sword.mp3",
    "image": "servant.png",
    "self": {
      "builders": 0,
      "stones": 0,
      "soldiers": 0,
      "weapons": 0,
      "mages": 0,
      "crystals": 0,
      "health": 0,
      "castle": 0,
      "fence": 0
    },
    "enemy": {
      "builders": 0,
      "stones": 0,
      "soldiers": 0,
      "weapons": 0,
      "mages": 0,
      "crystals": 0,
      "health": -5,
      "castle": 0,
      "fence": 0
    },
    "costs": {
      "builders": 0,
      "stones": 0,
      "soldiers": 0,
      "weapons": -3,
      "mages": 0,
      "crystals": 0,
      "health": 0,
      "castle": 0,
      "fence": 0
    }
  },
  {
    "id": "002",
    "name": "Bogenschützen",
    "category": "Attack",
    "sound": "arrow_bow_release.mp3",
    "image": "target.png",
    "self": {
      "builders": 0,
      "stones": 0,
      "soldiers": 0,
      "weapons": 0,
      "mages": 0,
      "crystals": 0,
      "health": 0,
      "castle": 0,
      "fence": 0
    },
    "enemy": {
      "builders": 0,
      "stones": 0,
      "soldiers": 0,
      "weapons": 0,
      "mages": 0,
      "crystals": 0,
      "health": -8,
      "castle": 0,
      "fence": 0
    },
    "costs": {
      "builders": 0,
      "stones": 0,
      "soldiers": 0,
      "weapons": -5,
      "mages": 0,
      "crystals": 0,
      "health": 0,
      "castle": 0,
      "fence": 0
    }
  },
  {
    "id": "003",
    "name": "Ritter",
    "category": "Attack",
    "sound": "sword.mp3",
    "image": "knight.png",
    "self": {
      "builders": 0,
      "stones": 0,
      "soldiers": 0,
      "weapons": 0,
      "mages": 0,
      "crystals": 0,
      "health": 0,
      "castle": 0,
      "fence": 0
    },
    "enemy": {
      "builders": 0,
      "stones": 0,
      "soldiers": 0,
      "weapons": 0,
      "mages": 0,
      "crystals": 0,
      "health": -12,
      "castle": 0,
      "fence": 0
    },
    "costs": {
      "builders": 0,
      "stones": 0,
      "soldiers": 0,
      "weapons": -8,
      "mages": 0,
      "crystals": 0,
      "health": 0,
      "castle": 0,
      "fence": 0
    }
  },
  {
    "id": "004",
    "name": "Rammbock",
    "category": "Attack",
    "sound": "impact.mp3",
    "image": "wood.png",
    "self": {
      "builders": 0,
      "stones": 0,
      "soldiers": 0,
      "weapons": 0,
      "mages": 0,
      "crystals": 0,
      "health": 0,
      "castle": 0,
      "fence": 0
    },
    "enemy": {
      "builders": 0,
      "stones": 0,
      "soldiers": 0,
      "weapons": 0,
      "mages": 0,
      "crystals": 0,
      "health": -18,
      "castle": 0,
      "fence": 0
    },
    "costs": {
      "builders": 0,
      "stones": 0,
      "soldiers": 0,
      "weapons": -15,
      "mages": 0,
      "crystals": 0,
      "health": 0,
      "castle": 0,
      "fence": 0
    }
  },
  {
    "id": "005",
    "name": "Katapult",
    "category": "Attack",
    "sound": "catapult.mp3",
    "image": "catapult.png",
    "self": {
      "builders": 0,
      "stones": 0,
      "soldiers": 0,
      "weapons": 0,
      "mages": 0,
      "crystals": 0,
      "health": 0,
      "castle": 0,
      "fence": 0
    },
    "enemy": {
      "builders": 0,
      "stones": 0,
      "soldiers": 0,
      "weapons": 0,
      "mages": 0,
      "crystals": 0,
      "health": -30,
      "castle": 0,
      "fence": 0
    },
    "costs": {
      "builders": 0,
      "stones": 0,
      "soldiers": 0,
      "weapons": -25,
      "mages": 0,
      "crystals": 0,
      "health": 0,
      "castle": 0,
      "fence": 0
    }
  },
  {
    "id": "006",
    "name": "Infiltrator",
    "category": "Attack",
    "sound": "sword.mp3",
    "image": "infiltrator.png",
    "self": {
      "builders": 0,
      "stones": 0,
      "soldiers": 0,
      "weapons": 0,
      "mages": 0,
      "crystals": 0,
      "health": 0,
      "castle": 0,
      "fence": 0
    },
    "enemy": {
      "builders": 0,
      "stones": 0,
      "soldiers": 0,
      "weapons": 0,
      "mages": 0,
      "crystals": 0,
      "health": 0,
      "castle": -10,
      "fence": 0
    },
    "costs": {
      "builders": 0,
      "stones": 0,
      "soldiers": 0,
      "weapons": -15,
      "mages": 0,
      "crystals": 0,
      "health": 0,
      "castle": 0,
      "fence": 0
    }
  },
  {
    "id": "007",
    "name": "Assasine",
    "category": "Attack",
    "sound": "sword.mp3",
    "image": "assasin.png",
    "self": {
      "builders": 0,
      "stones": 0,
      "soldiers": 0,
      "weapons": 0,
      "mages": 0,
      "crystals": 0,
      "health": 0,
      "castle": 0,
      "fence": 0
    },
    "enemy": {
      "builders": 0,
      "stones": 0,
      "soldiers": 0,
      "weapons": 0,
      "mages": 0,
      "crystals": 0,
      "health": 0,
      "castle": -18,
      "fence": 0
    },
    "costs": {
      "builders": 0,
      "stones": 0,
      "soldiers": 0,
      "weapons": -25,
      "mages": 0,
      "crystals": 0,
      "health": 0,
      "castle": 0,
      "fence": 0
    }
  },
  {
    "id": "008",
    "name": "Raubritter",
    "category": "Attack",
    "sound": "sword.mp3",
    "image": "robber.png",
    "custom": "Je 5 Rohstoffe klauen",
    "self": {
      "builders": 0,
      "stones": 5,
      "soldiers": 0,
      "weapons": 5,
      "mages": 0,
      "crystals": 5,
      "health": 0,
      "castle": 0,
      "fence": 0
    },
    "enemy": {
      "builders": 0,
      "stones": -5,
      "soldiers": 0,
      "weapons": -5,
      "mages": 0,
      "crystals": -5,
      "health": 0,
      "castle": 0,
      "fence": 0
    },
    "costs": {
      "builders": 0,
      "stones": 0,
      "soldiers": 0,
      "weapons": -14,
      "mages": 0,
      "crystals": 0,
      "health": 0,
      "castle": 0,
      "fence": 0
    }
  },
  {
    "id": "010",
    "name": "Wehrgang",
    "category": "Defense",
    "sound": "brick.mp3",
    "image": "military-hallway.png",
    "self": {
      "builders": 0,
      "stones": 0,
      "soldiers": 0,
      "weapons": 0,
      "mages": 0,
      "crystals": 0,
      "health": 0,
      "castle": 5,
      "fence": 0
    },
    "enemy": {
      "builders": 0,
      "stones": 0,
      "soldiers": 0,
      "weapons": 0,
      "mages": 0,
      "crystals": 0,
      "health": 0,
      "castle": 0,
      "fence": 0
    },
    "costs": {
      "builders": 0,
      "stones": -2,
      "soldiers": 0,
      "weapons": 0,
      "mages": 0,
      "crystals": 0,
      "health": 0,
      "castle": 0,
      "fence": 0
    }
  },
  {
    "id": "011",
    "name": "Nachtwache",
    "category": "Defense",
    "sound": "brick.mp3",
    "image": "night-watch.png",
    "self": {
      "builders": 0,
      "stones": 0,
      "soldiers": 0,
      "weapons": 0,
      "mages": 0,
      "crystals": 0,
      "health": 0,
      "castle": 8,
      "fence": 0
    },
    "enemy": {
      "builders": 0,
      "stones": 0,
      "soldiers": 0,
      "weapons": 0,
      "mages": 0,
      "crystals": 0,
      "health": 0,
      "castle": 0,
      "fence": 0
    },
    "costs": {
      "builders": 0,
      "stones": -5,
      "soldiers": 0,
      "weapons": 0,
      "mages": 0,
      "crystals": 0,
      "health": 0,
      "castle": 0,
      "fence": 0
    }
  },
  {
    "id": "012",
    "name": "Burggraben",
    "category": "Defense",
    "sound": "brick.mp3",
    "image": "castle-mout.png",
    "self": {
      "builders": 0,
      "stones": 0,
      "soldiers": 0,
      "weapons": 0,
      "mages": 0,
      "crystals": 0,
      "health": 0,
      "castle": 12,
      "fence": 0
    },
    "enemy": {
      "builders": 0,
      "stones": 0,
      "soldiers": 0,
      "weapons": 0,
      "mages": 0,
      "crystals": 0,
      "health": 0,
      "castle": 0,
      "fence": 0
    },
    "costs": {
      "builders": 0,
      "stones": -8,
      "soldiers": 0,
      "weapons": 0,
      "mages": 0,
      "crystals": 0,
      "health": 0,
      "castle": 0,
      "fence": 0
    }
  },
  {
    "id": "013",
    "name": "Festung",
    "category": "Defense",
    "sound": "brick.mp3",
    "image": "fortress.png",
    "self": {
      "builders": 0,
      "stones": 0,
      "soldiers": 0,
      "weapons": 0,
      "mages": 0,
      "crystals": 0,
      "health": 0,
      "castle": 18,
      "fence": 0
    },
    "enemy": {
      "builders": 0,
      "stones": 0,
      "soldiers": 0,
      "weapons": 0,
      "mages": 0,
      "crystals": 0,
      "health": 0,
      "castle": 0,
      "fence": 0
    },
    "costs": {
      "builders": 0,
      "stones": -14,
      "soldiers": 0,
      "weapons": 0,
      "mages": 0,
      "crystals": 0,
      "health": 0,
      "castle": 0,
      "fence": 0
    }
  },
  {
    "id": "014",
    "name": "Bergfried",
    "category": "Defense",
    "sound": "brick.mp3",
    "image": "castle-tower.png",
    "self": {
      "builders": 0,
      "stones": 0,
      "soldiers": 0,
      "weapons": 0,
      "mages": 0,
      "crystals": 0,
      "health": 0,
      "castle": 30,
      "fence": 0
    },
    "enemy": {
      "builders": 0,
      "stones": 0,
      "soldiers": 0,
      "weapons": 0,
      "mages": 0,
      "crystals": 0,
      "health": 0,
      "castle": 0,
      "fence": 0
    },
    "costs": {
      "builders": 0,
      "stones": -24,
      "soldiers": 0,
      "weapons": 0,
      "mages": 0,
      "crystals": 0,
      "health": 0,
      "castle": 0,
      "fence": 0
    }
  },
  {
    "id": "015",
    "name": "Stolperfalle",
    "category": "Defense",
    "sound": "brick.mp3",
    "image": "trap.png",
    "self": {
      "builders": 0,
      "stones": 0,
      "soldiers": 0,
      "weapons": 0,
      "mages": 0,
      "crystals": 0,
      "health": 0,
      "castle": 0,
      "fence": 4
    },
    "enemy": {
      "builders": 0,
      "stones": 0,
      "soldiers": 0,
      "weapons": 0,
      "mages": 0,
      "crystals": 0,
      "health": 0,
      "castle": 0,
      "fence": 0
    },
    "costs": {
      "builders": 0,
      "stones": -1,
      "soldiers": 0,
      "weapons": 0,
      "mages": 0,
      "crystals": 0,
      "health": 0,
      "castle": 0,
      "fence": 0
    }
  },
  {
    "id": "016",
    "name": "Barrikade",
    "category": "Defense",
    "sound": "brick.mp3",
    "image": "barricade.png",
    "self": {
      "builders": 0,
      "stones": 0,
      "soldiers": 0,
      "weapons": 0,
      "mages": 0,
      "crystals": 0,
      "health": 0,
      "castle": 0,
      "fence": 10
    },
    "enemy": {
      "builders": 0,
      "stones": 0,
      "soldiers": 0,
      "weapons": 0,
      "mages": 0,
      "crystals": 0,
      "health": 0,
      "castle": 0,
      "fence": 0
    },
    "costs": {
      "builders": 0,
      "stones": -4,
      "soldiers": 0,
      "weapons": 0,
      "mages": 0,
      "crystals": 0,
      "health": 0,
      "castle": 0,
      "fence": 0
    }
  },
  {
    "id": "017",
    "name": "Burgwall",
    "category": "Defense",
    "sound": "brick.mp3",
    "image": "castle-mound.png",
    "self": {
      "builders": 0,
      "stones": 0,
      "soldiers": 0,
      "weapons": 0,
      "mages": 0,
      "crystals": 0,
      "health": 0,
      "castle": 0,
      "fence": 25
    },
    "enemy": {
      "builders": 0,
      "stones": 0,
      "soldiers": 0,
      "weapons": 0,
      "mages": 0,
      "crystals": 0,
      "health": 0,
      "castle": 0,
      "fence": 0
    },
    "costs": {
      "builders": 0,
      "stones": -16,
      "soldiers": 0,
      "weapons": 0,
      "mages": 0,
      "crystals": 0,
      "health": 0,
      "castle": 0,
      "fence": 0
    }
  },
  {
    "id": "020",
    "name": "Beschwörung",
    "category": "Magic",
    "sound": "magic_twinkle.mp3",
    "image": "summoning.png",
    "self": {
      "builders": 0,
      "stones": 8,
      "soldiers": 0,
      "weapons": 0,
      "mages": 0,
      "crystals": 0,
      "health": 0,
      "castle": 0,
      "fence": 0
    },
    "enemy": {
      "builders": 0,
      "stones": 0,
      "soldiers": 0,
      "weapons": 0,
      "mages": 0,
      "crystals": 0,
      "health": 0,
      "castle": 0,
      "fence": 0
    },
    "costs": {
      "builders": 0,
      "stones": 0,
      "soldiers": 0,
      "weapons": 0,
      "mages": 0,
      "crystals": -4,
      "health": 0,
      "castle": 0,
      "fence": 0
    }
  },
  {
    "id": "021",
    "name": "Beschwörung",
    "category": "Magic",
    "sound": "magic_twinkle.mp3",
    "image": "summoning.png",
    "self": {
      "builders": 0,
      "stones": 0,
      "soldiers": 0,
      "weapons": 8,
      "mages": 0,
      "crystals": 0,
      "health": 0,
      "castle": 0,
      "fence": 0
    },
    "enemy": {
      "builders": 0,
      "stones": 0,
      "soldiers": 0,
      "weapons": 0,
      "mages": 0,
      "crystals": 0,
      "health": 0,
      "castle": 0,
      "fence": 0
    },
    "costs": {
      "builders": 0,
      "stones": 0,
      "soldiers": 0,
      "weapons": 0,
      "mages": 0,
      "crystals": -4,
      "health": 0,
      "castle": 0,
      "fence": 0
    }
  },
  {
    "id": "022",
    "name": "Beschwörung",
    "category": "Magic",
    "sound": "magic_twinkle.mp3",
    "image": "summoning.png",
    "self": {
      "builders": 0,
      "stones": 0,
      "soldiers": 0,
      "weapons": 0,
      "mages": 0,
      "crystals": 8,
      "health": 0,
      "castle": 0,
      "fence": 0
    },
    "enemy": {
      "builders": 0,
      "stones": 0,
      "soldiers": 0,
      "weapons": 0,
      "mages": 0,
      "crystals": 0,
      "health": 0,
      "castle": 0,
      "fence": 0
    },
    "costs": {
      "builders": 0,
      "stones": 0,
      "soldiers": 0,
      "weapons": 0,
      "mages": 0,
      "crystals": -4,
      "health": 0,
      "castle": 0,
      "fence": 0
    }
  },
  {
    "id": "023",
    "name": "Moench",
    "category": "Magic",
    "sound": "brick.mp3",
    "image": "monk.png",
    "self": {
      "builders": 0,
      "stones": 0,
      "soldiers": 0,
      "weapons": 0,
      "mages": 0,
      "crystals": 0,
      "health": 0,
      "castle": 20,
      "fence": 0
    },
    "enemy": {
      "builders": 0,
      "stones": 0,
      "soldiers": 0,
      "weapons": 0,
      "mages": 0,
      "crystals": 0,
      "health": 0,
      "castle": 0,
      "fence": 0
    },
    "costs": {
      "builders": 0,
      "stones": 0,
      "soldiers": 0,
      "weapons": 0,
      "mages": 0,
      "crystals": -15,
      "health": 0,
      "castle": 0,
      "fence": 0
    }
  },
  {
    "id": "024",
    "name": "Dunkler Magier",
    "category": "Magic",
    "sound": "horror_laugh.mp3",
    "image": "dark-mage.png",
    "self": {
      "builders": 0,
      "stones": 0,
      "soldiers": 0,
      "weapons": 0,
      "mages": 0,
      "crystals": 0,
      "health": 0,
      "castle": 0,
      "fence": 0
    },
    "enemy": {
      "builders": 0,
      "stones": 0,
      "soldiers": 0,
      "weapons": 0,
      "mages": 0,
      "crystals": 0,
      "health": -28,
      "castle": 0,
      "fence": 0
    },
    "costs": {
      "builders": 0,
      "stones": 0,
      "soldiers": 0,
      "weapons": 0,
      "mages": 0,
      "crystals": -24,
      "health": 0,
      "castle": 0,
      "fence": 0
    }
  },
  {
    "id": "025",
    "name": "Drachenfeuer",
    "category": "Magic",
    "sound": "magic_destruction.mp3",
    "image": "dragon.png",
    "self": {
      "builders": 0,
      "stones": 0,
      "soldiers": 0,
      "weapons": 0,
      "mages": 0,
      "crystals": 0,
      "health": 0,
      "castle": 0,
      "fence": 0
    },
    "enemy": {
      "builders": 0,
      "stones": 0,
      "soldiers": 0,
      "weapons": 0,
      "mages": 0,
      "crystals": 0,
      "health": 0,
      "castle": 0,
      "fence": -35
    },
    "costs": {
      "builders": 0,
      "stones": 0,
      "soldiers": 0,
      "weapons": 0,
      "mages": 0,
      "crystals": -25,
      "health": 0,
      "castle": 0,
      "fence": 0
    }
  },
  {
    "id": "031",
    "name": "Maurer",
    "category": "Defense",
    "sound": "brick.mp3",
    "image": "builder-school.png",
    "self": {
      "builders": 1,
      "stones": 0,
      "soldiers": 0,
      "weapons": 0,
      "mages": 0,
      "crystals": 0,
      "health": 0,
      "castle": 0,
      "fence": 0
    },
    "enemy": {
      "builders": 0,
      "stones": 0,
      "soldiers": 0,
      "weapons": 0,
      "mages": 0,
      "crystals": 0,
      "health": 0,
      "castle": 0,
      "fence": 0
    },
    "costs": {
      "builders": 0,
      "stones": -8,
      "soldiers": 0,
      "weapons": 0,
      "mages": 0,
      "crystals": 0,
      "health": 0,
      "castle": 0,
      "fence": 0
    }
  },
  {
    "id": "032",
    "name": "Rekrut",
    "category": "Attack",
    "sound": "fight.mp3",
    "image": "recruitment.png",
    "self": {
      "builders": 0,
      "stones": 0,
      "soldiers": 1,
      "weapons": 0,
      "mages": 0,
      "crystals": 0,
      "health": 0,
      "castle": 0,
      "fence": 0
    },
    "enemy": {
      "builders": 0,
      "stones": 0,
      "soldiers": 0,
      "weapons": 0,
      "mages": 0,
      "crystals": 0,
      "health": 0,
      "castle": 0,
      "fence": 0
    },
    "costs": {
      "builders": 0,
      "stones": 0,
      "soldiers": 0,
      "weapons": -8,
      "mages": 0,
      "crystals": 0,
      "health": 0,
      "castle": 0,
      "fence": 0
    }
  },
  {
    "id": "033",
    "name": "Lehrling",
    "category": "Magic",
    "sound": "magic_wush.mp3",
    "image": "apprentice.png",
    "self": {
      "builders": 0,
      "stones": 0,
      "soldiers": 0,
      "weapons": 0,
      "mages": 1,
      "crystals": 0,
      "health": 0,
      "castle": 0,
      "fence": 0
    },
    "enemy": {
      "builders": 0,
      "stones": 0,
      "soldiers": 0,
      "weapons": 0,
      "mages": 0,
      "crystals": 0,
      "health": 0,
      "castle": 0,
      "fence": 0
    },
    "costs": {
      "builders": 0,
      "stones": 0,
      "soldiers": 0,
      "weapons": 0,
      "mages": 0,
      "crystals": -8,
      "health": 0,
      "castle": 0,
      "fence": 0
    }
  },
  {
    "id": "034",
    "name": "Seelenfalle",
    "category": "Magic",
    "sound": "magic_twinkle.mp3",
    "image": "soul-trap.png",
    "custom": "Alle +1 Gegner alle -1",
    "self": {
      "builders": 1,
      "stones": 1,
      "soldiers": 1,
      "weapons": 1,
      "mages": 1,
      "crystals": 1,
      "health": 1,
      "castle": 1,
      "fence": 1
    },
    "enemy": {
      "builders": -1,
      "stones": -1,
      "soldiers": -1,
      "weapons": -1,
      "mages": -1,
      "crystals": -1,
      "health": -1,
      "castle": -1,
      "fence": -1
    },
    "costs": {
      "builders": 0,
      "stones": 0,
      "soldiers": 0,
      "weapons": 0,
      "mages": 0,
      "crystals": -45,
      "health": 0,
      "castle": 0,
      "fence": 0
    }
  }
]